url,VendorItemNo,Name,Mpn,Brand,Q1,Q2,Q3,Q4,Q5,Q6,Q7,Q8,Q9,Q10,Q11,Q12,Q13,Q14,Q15,Q16,Q17,Q18,Q19,Q20,Q21,Q22,Q23,Q24,Q25,Q26,P1,P2,P3,P4,P5,P6,P7,P8,P9,P10,P11,P12,P13,P14,P15,P16,P17,P18,P19,P20,P21,P22,P23,P24,P25,P26,Logo_Setup,Logo_Color_Match,Free_Logo_Colors,Maximum_of_Logo_Colors,Additional_Colors,datatime
https://www.qualitylogoproducts.com/custom-bags/shoe-wallet.htm,Q35951,Shoe Wallet  ,40617,Norwood,50,100,175,250,375,500,750,1000,2500,,,,,,,,,,,,,,,,,,5.07,2.73,2.7,2.68,2.63,2.59,2.54,2.5,1.76,,,,,,,,,,,,,,,,,,,,,,,2020/9/21 15:37
https://www.qualitylogoproducts.com/back-packs/adventurer-17-computer-backpack.htm,Q63781,Adventurer 17" Computer Backpack  ,SM-7178,Bullet Line,25,50,100,150,200,250,315,375,440,500,1000,,,,,,,,,,,,,,,,17.08,12.53,12.45,12.37,12.28,12.1,11.96,11.73,11.61,11.49,8.11,,,,,,,,,,,,,,,,,,,,,2020/9/21 15:37
https://www.qualitylogoproducts.com/travel/rfid-credit-card-protector.htm,Q61333,RFID Credit Card Protector Sleeve  ,T997,Calibre,150,300,400,500,750,1000,1750,2500,5000,,,,,,,,,,,,,,,,,,1.51,1.025,1.016,1.01,0.99,0.98,0.95,0.94,0.664,,,,,,,,,,,,,,,,,,,,,,,2020/9/21 15:37
https://www.qualitylogoproducts.com/custom-bags/sequel-sport-bag.htm,Q53296,Sequel Sport Duffel Bag  ,7001,Gemline,25,50,75,100,200,300,650,1000,2500,,,,,,,,,,,,,,,,,,13.5,8.71,8.63,8.55,8.4,8.28,8.1,7.98,5.64,,,,,,,,,,,,,,,,,,,,,,,2020/9/21 15:37
https://www.qualitylogoproducts.com/custom-bags/the-brooklyn-deluxe-sling-backpack.htm,Q52730,The Brooklyn Deluxe Sling Backpack  ,SM-7269,Bullet Line,30,60,170,280,390,500,625,750,875,1000,2500,,,,,,,,,,,,,,,,17.54,10.64,10.46,10.29,10.12,9.76,9.51,9.1,8.89,8.68,5.32,,,,,,,,,,,,,,,,,,,,,2020/9/21 15:37
https://www.qualitylogoproducts.com/custom-coolers/xlinsulatedrecycled-p-e-tshoppingbag.htm,Q39657,XL Insulated Recycled P.E.T. Shopping Bag  ,WBA-XR10,Ariel,25,50,125,200,350,500,750,1000,1500,2000,4000,,,,,,,,,,,,,,,,9.58,6.76,6.72,6.67,6.63,6.53,6.46,6.33,6.26,6.2,4.38,,,,,,,,,,,,,,,,,,,,,2020/9/21 15:37
https://www.qualitylogoproducts.com/custom-travelmugs/bento-lunch-mug.htm,Q63802,Bento Lunch Mug  16 Oz. ,FC4002,Sweda,75,150,325,500,750,1000,1750,2500,5000,,,,,,,,,,,,,,,,,,10.91,7.24,7.18,7.11,6.99,6.89,6.73,6.64,4.69,,,,,,,,,,,,,,,,,,,,,,,2020/9/21 15:37
https://www.qualitylogoproducts.com/back-packs/clear-pvc-backpack.htm,Q56952,Clear PVC Backpack  ,KB3000,Logomark,25,50,75,100,175,250,375,500,750,1000,2500,,,,,,,,,,,,,,,,24.23,13.07,12.98,12.9,12.81,12.61,12.48,12.24,12.11,11.98,8.46,,,,,,,,,,,,,,,,$56.00 ,FREE,1,1,,2020/9/21 15:37
https://www.qualitylogoproducts.com/custom-bags/quart-size-pvc-travel-amenitiescase.htm,Q59790,Quart Size PVC Travel Amenities Case  ,LT305,Jetline,100,200,300,400,600,800,1000,1200,1900,2600,5200,,,,,,,,,,,,,,,,2,1.45,1.44,1.43,1.42,1.4,1.38,1.36,1.34,1.33,0.94,,,,,,,,,,,,,,,,,,,,,2020/9/21 15:37
https://www.qualitylogoproducts.com/custom-bags/nomad-messenger-bag.htm,Q65948,Nomad Must Have Messenger Bag  ,BG400,Spector & Co.,13,25,35,38,95,150,200,250,375,500,1000,,,,,,,,,,,,,,,,44.49,30.55,30.34,30.14,29.93,29.47,29.15,28.6,28.3,28,19.76,,,,,,,,,,,,,,,,,,,,,2020/9/21 15:37
