Type,url,VendorItemNo,Q1,Q2,Q3,Q4,Q5,Q6,Q7,Name1,Name1_CostCode,Name1_P1,Name1_P2,Name1_P3,Name1_P4,Name1_P5,Name1_P6,Name1_P7,Name2,Name2_CostCode,Name2_P1,Name2_P2,Name2_P3,Name2_P4,Name2_P5,Name2_P6,Name2_P7,Name3,Name3_CostCode,Name3_P1,Name3_P2,Name3_P3,Name3_P4,Name3_P5,Name3_P6,Name3_P7,Name4,Name4_CostCode,Name4_P1,Name4_P2,Name4_P3,Name4_P4,Name4_P5,Name4_P6,Name4_P7,Name5,Name5_CostCode,Name5_P1,Name5_P2,Name5_P3,Name5_P4,Name5_P5,Name5_P6,Name5_P7,Name6,Name6_CostCode,Name6_P1,Name6_P2,Name6_P3,Name6_P4,Name6_P5,Name6_P6,Name6_P7,Set_Up_Charge,Additional_Pricing,Additional_Pricing2,Alternate_Set_Up_Charge,Additional_Pricing_Option,Imprint_Options,Imprint_Options2,Imprint_Options3,Colors,Production_Time,Imprint_Methods,Datatime
old,https://www.apspecialties.com/product-detail/Canvas-Cooler-Lunch-Bag/1346,CPP-4155,150,250,500,750,1000,2500 ,,7-12 Days,6C,2.94,2.89,2.84,2.79,2.69,2.59,,3-5 Days,5C,3.24,3.19,3.14,3.09,2.94,,,,,,,,,,,,,,,,,,,,,,,,,,,,,,,,,,,,,,,Screen Print: $50(g); each additionallocation: $50.00(g),,,,,Run Charge Each additional location: $0.45(g),,,"Blue, Orange, Green, Red, Black, Natural",7-12 Working Days,Screen Printed,2020-05-13 15:15:43
new,https://www.apspecialties.com/product-detail/Canvas-Cooler-Lunch-Bag/1346,,,,,,,,,,,,,,,,,,,,,,,,,,,,,,,,,,,,,,,,,,,,,,,,,,,,,,,,,,,,,,,,,,,,,,,"Blue, Green, Red",,,2020-09-22 08:59:48
old,https://www.apspecialties.com/product-detail/Full-Color-Pop-Up-Notes/2169,CPP-5228,150,250,500 ,,,,,7-12 Days,3C,2.09,1.99,1.89,,,,,,,,,,,,,,,,,,,,,,,,,,,,,,,,,,,,,,,,,,,,,,,,,,Full Color: $50(g),,,,,,,,Full Color,7-12 Working Days,Full Color,2020-09-21 09:56:02
new,https://www.apspecialties.com/product-detail/MARBLE-POP-UP-NOTES/2394,,,,,,,,,,,,,,,,,,,,,,,,,,,,,,,,,,,,,,,,,,,,,,,,,,,,,,,,,,,,,,,Full color products:$50(g),,,,,,,,,,,2020-09-22 09:19:03
old,https://www.apspecialties.com/product-detail/Stay-Safe-Holiday-Set/5247,H8664,,,,,,,,,,,,,,,,,,,,,,,,,,,,,,,,,,,,,,,,,,,,,,,,,,,,,,,,,,,,,,,,,,,,,,Full Color,,Full Color,2020-09-17 10:21:26
new,https://www.apspecialties.com/product-detail/Stay-Safe-Holiday-Set/5247,,100 ,,,,,,,7-12 Days,C,6.09,,,,,,,,,,,,,,,,,,,,,,,,,,,,,,,,,,,,,,,,,,,,,,,,,,,,,,,,,,,,,7-12 Working Days,,2020-09-22 09:34:26
